id,first_name,last_name
1,Myrta,MacCardle
2,Shanta,Livesley
3,Antonia,Bradman
4,Marris,Hambling
5,Alfredo,Kettlewell
6,Viv,Rayworth
7,Becca,Maddison
8,Cecil,Batt
9,Kelsy,McCambridge
10,Delly,Rowswell
11,Lana,Storrier
12,Jaquenette,Obeney
13,Aksel,Tufts
14,Jarrod,La Torre
15,Chickie,Youngman
16,Scottie,Greeveson
17,Corilla,Gatecliff
18,Tammara,Seabrook
19,Devinne,Plaide
20,Debra,Blair
21,Carroll,Wyborn
22,Eleen,Falvey
23,Elene,Reyna
24,Mallorie,Bevar
25,Regan,Padwick
26,Franzen,McCrossan
27,Helaine,Estcourt
28,Grantham,Junes
29,Chevalier,Biasioli
30,Onfre,Pirdue
31,Mohandas,Hallwell
32,Klemens,Towe
33,Bennett,Oughton
34,Hilliard,Borsi
35,Helaina,Bullar
36,Shantee,Whewill
37,Bev,Pearton
38,Candace,Hannen
39,Stanton,McNeachtain
40,Joel,Szymanowicz
41,L;urette,Rodnight
42,Antonietta,Mennell
43,Lydon,Pagitt
44,Barth,Spuner
45,Martynne,Scouller
46,Conny,Altoft
47,Yovonnda,Gredden
48,Alister,Bonifas
49,Jarad,Aicheson
50,Jozef,Loverock
51,Darnell,Itzchaky
52,Lukas,Cranmer
53,Haskel,Farrer
54,Dilan,Burden
55,Cherey,Pfaffe
56,Datha,Szubert
57,Basilio,Mohammad
58,Cordula,MacKenzie
59,Kaleb,Askin
60,Johnny,Sorbey
61,Kym,Shakeshaft
62,Kenn,Fosh
63,Dacie,Whitfield
64,Trisha,Fihelly
65,Jessamine,MacGragh
66,Petunia,Harsent
67,Pren,Hassekl
68,Axel,MacIlriach
69,Clare,Armistead
70,Kippy,Twine
71,Zorah,Gatfield
72,Trix,Franzetti
73,Carce,Gull
74,Skelly,Guillain
75,Neale,Desporte
76,Charles,McCory
77,Chauncey,Poltone
78,Miguelita,Creebo
79,Gerek,Robert
80,Pieter,Mallalieu
81,Dunstan,McGeady
82,Lorenza,Waycott
83,Roland,Collingworth
84,Ram,MacCarlich
85,Stevena,Vauter
86,Ladonna,Fincken
87,Adelina,Garrood
88,Adrea,Semor
89,Brady,Ellacombe
90,Cecilla,Deinhard
91,Joli,Andrioli
92,Alister,Horley
93,Ainsley,Wrightham
94,Charlotta,Slopier
95,Tallie,Kebbell
96,Byrom,Crossman
97,Archibald,Ander
98,Jacquelin,Cremer
99,Way,Tricker
100,Deeyn,Doylend
101,Nannette,Brusin
102,Willis,Purry
103,Alanna,Kleine
104,Marv,Wardingley
105,Dunstan,Gossling
106,Pancho,Munford
107,Drusilla,Bleackly
108,Devlin,Barrack
109,Trey,Dell
110,Ruth,Bonallack
111,Benedict,Kummerlowe
112,Bell,Chichgar
113,Veronike,Petracco
114,Evanne,Laroux
115,Deirdre,Vassay
116,Maryellen,Kilbey
117,Martynne,Fakes
118,Jewell,Willstrop
119,Rees,Thonason
120,Daren,Ander
121,Zackariah,Nevett
122,Jessamyn,Mallia
123,Tab,Rust
124,Hillary,Vize
125,Maurene,Plott
126,Tarrance,Smowton
127,Kellina,Miere
128,Kriste,Huntriss
129,Rozina,Chalfont
130,Hinda,Vellacott
131,Delilah,Butler
132,Amelia,Sinderland
133,Humfrid,Lambourne
134,Claudian,Giddons
135,Gardner,Fenne
136,Marabel,McWaters
137,Maggee,Davidou
138,Luigi,Grundell
139,Lynn,Stodhart
140,Trish,Barthropp
141,Ronnie,Gartin
142,Iris,Aspinall
143,Miof mela,Gowlett
144,Cornell,Wilkennson
145,Doll,McIvor
146,Ambrosio,Braikenridge
147,Sibilla,Forten
148,Jean,Style
149,Marcia,Syratt
150,Rafa,De la Eglise
151,Lucas,Millard
152,Thorsten,Swapp
153,Angel,Boldison
154,Giselle,Couronne
155,Bobbi,Stanbrooke
156,Lily,Pumfrey
157,Murry,Catanheira
158,Blinny,Vinnicombe
159,Josefa,Demangeot
160,Onfre,Folshom
161,Karly,Dunridge
162,Emery,Wherton
163,Gene,Blinco
164,Christal,Emptage
165,Linn,O'Nions
166,Meridel,Abramin
167,Johannah,Simonson
168,Saloma,Coxall
169,Stormy,Kingsnod
170,Ayn,MacGilfoyle
171,Ynez,Braga
172,Torry,Rosellini
173,Gamaliel,Feltham
174,Grayce,Glasscoo
175,Cornie,Kuhn
176,Trixy,Buttwell
177,Morten,Boc
178,Henrik,Kenset
179,Helga,Novik
180,Lancelot,Batistelli
181,Marketa,Middleweek
182,Denys,Overell
183,Pippo,Giorgione
184,Farris,Pimblotte
185,Correy,Matyasik
186,Bella,Sahlstrom
187,Madelina,Otham
188,Roxy,Beards
189,Verge,Stelfax
190,Moritz,Corr
191,Ainsley,Stygall
192,Stanton,Commins
193,Cornall,Alfonsetto
194,Isac,Oliveira
195,Niles,Hammett
196,Gerri,Trodler
197,Hayward,O' Mahony
198,Orelee,Burress
199,Noell,Postlewhite
200,King,Kingstne
201,Ermentrude,Margetts
202,Gannon,Amy
203,Else,Tasch
204,Daria,Iacovides
205,Marrilee,Petrolli
206,Flori,Dybell
207,Dido,Gippes
208,Olenka,Shillinglaw
209,Katuscha,Kingerby
210,Katrine,Bramer
211,Barnett,Switland
212,Tann,Gettins
213,Merrel,Whitmore
214,Prentice,Lynnett
215,Pete,Greschik
216,Prinz,Florey
217,Lesley,Waltering
218,Melita,Rubinowicz
219,Babs,Preddy
220,Florenza,Noore
221,D'arcy,McCloughlin
222,Celia,Ivasechko
223,Aube,Dooney
224,Zerk,Josofovitz
225,Arleyne,Beden
226,Leighton,Penhalewick
227,Adah,Steggals
228,Ara,Coiley
229,Genevieve,Cowton
230,Antonetta,Slany
231,Darnall,Treadgold
232,Hy,Dach
233,Raddy,Fumagalli
234,Malory,Suggitt
235,Bartholomeus,Dearden
236,Judi,D'Emanuele
237,Constantina,Clemencon
238,Carlynn,Buye
239,Markus,Kwiek
240,Chase,Sleeny
241,Selie,Habbon
242,Jozef,Mackerness
243,Jonas,Mahon
244,Kilian,Seebert
245,Roderigo,Ettritch
246,Shanda,Cess
247,Pearla,Ventura
248,Aube,Heibl
249,Delores,Baskwell
250,Claudine,Olkowicz
251,Robert,Suche
252,Sibby,Gisbey
253,Charmian,McGeown
254,Tad,Casseldine
255,Erv,Spraberry
256,Rodolphe,Shapcott
257,Jocko,Buzin
258,Brandie,Mott
259,Odo,Stoaks
260,Blondy,Antoniou
261,Freddie,Mielnik
262,Pamelina,O'Shavlan
263,Valentijn,Pilfold
264,Nikki,Dovydenas
265,Leeland,Sapauton
266,Fredericka,Fassam
267,Rhys,Heasly
268,Rice,Baradel
269,Pansy,Celiz
270,Eleni,Lyst
271,Vinny,Tarbatt
272,Perle,Keasley
273,Janina,Antoszczyk
274,Valentine,Kennerley
275,Osbourn,Romain
276,Edgardo,Dadds
277,Tatum,Barley
278,Myrvyn,Hannan
279,Elsinore,Tschersich
280,Bentley,Feasley
281,Buddie,Sudron
282,Thaxter,Kubanek
283,Farrell,Durram
284,Dina,Lissett
285,Dal,Balcock
286,Mariana,Quantrell
287,Yehudi,Cragell
288,Pamela,McGarel
289,Delbert,Shaw
290,Brucie,Chafney
291,Guillema,Popley
292,Claudelle,Meyer
293,Adriana,Issacson
294,Chandler,Urwen
295,Zachariah,McCurry
296,Karel,Kleinsmuntz
297,Darbie,Holleran
298,Kamilah,Coots
299,Babara,Neward
300,Brina,Freddi
301,Millicent,Atlee
302,Cayla,Tomicki
303,Farah,Gunda
304,D'arcy,Drowsfield
305,Vonnie,Clutram
306,Mel,MacVanamy
307,Catina,Sterzaker
308,Deana,Doonican
309,Ardra,Yurikov
310,Byrle,Roland
311,Gabriele,Langlands
312,Sasha,Feveryear
313,Demetris,Crocetti
314,Abigail,Holde
315,Homere,Baptiste
316,Alexandros,Balleine
317,Robinet,Calendar
318,Almire,Greggs
319,Fannie,Saunier
320,Orin,Angric
321,Anetta,Sains
322,Debra,Hustings
323,Noah,Javes
324,Reeva,O'Crevy
325,Scottie,Spinley
326,Byrann,Staterfield
327,Kameko,Woollam
328,Rozina,O'Fihillie
329,Horacio,Ellinor
330,Dena,Gard
331,Jakie,Tierny
332,Margeaux,Dewdney
333,Dorette,Douthwaite
334,Chan,Burtonwood
335,Shepard,Petschelt
336,Bernadine,Flood
337,Gualterio,Burgh
338,Riannon,Wills
339,Inna,Inston
340,Alonso,Camili
341,Lindon,Rodliff
342,Orville,Filyushkin
343,Anica,Maskrey
344,Drew,Midgely
345,Alec,Crenage
346,Sydel,Dodswell
347,Heda,Haacker
348,Slade,Bruggeman
349,Garland,Tattersdill
350,Mata,Cruft
351,Hardy,Nesterov
352,Sholom,Sproule
353,Rustin,Egginton
354,Irvine,Guido
355,Nelson,Greenin
356,Decca,Rodell
357,Aubine,Sproson
358,Perry,Dalley
359,Gerianna,Ogden
360,Codie,Pauls
361,Malvin,Feaviour
362,Josselyn,McElroy
363,Juliann,Brabon
364,Masha,Boatman
365,Cynthia,Scrivner
366,Dorian,Oller
367,Austin,Wolpert
368,Eloisa,Clemenson
369,Tera,Conningham
370,Allianora,Duetschens
371,Sherie,Hayward
372,Dennison,Franc
373,Sunny,Matuszkiewicz
374,Gan,Castro
375,Elden,Schiementz
376,Britta,Tresler
377,Melisenda,Greensall
378,Ola,Neem
379,Ricki,Compton
380,Sauncho,Rivitt
381,Bertram,Wellstead
382,Magda,Knappen
383,Lennie,Klaes
384,Aretha,Barlthrop
385,Jakie,Kettlestringes
386,Dacey,Crankshaw
387,Elaine,Elsley
388,Marve,Benech
389,Fairlie,Withey
390,Cornie,Rolingson
391,Cathlene,Cluely
392,Franz,Wellfare
393,Matteo,Priel
394,Garrik,Pickance
395,Ursuline,Huge
396,Culver,Parsell
397,Eldin,Leppington
398,Nevile,Foad
399,Madlen,Heckney
400,Odell,Makeswell
401,Rudy,Boles
402,Markos,Yeulet
403,Nola,Southan
404,Giacobo,Musla
405,Darby,Yeabsley
406,Mordecai,Druery
407,Kaela,Broggio
408,Veda,de Castelain
409,Maddi,Catterell
410,Skyler,Sleney
411,Ruperto,Korpal
412,Carroll,Shave
413,Frasco,Rentcome
414,Ricki,Scrivener
415,Erinn,Puzey
416,Joelle,Matissoff
417,Selie,Klagge
418,Elvin,Novill
419,Andrej,Baile
420,Charmian,Hunston
421,Elisabeth,Dani
422,Mollee,Bicksteth
423,Alessandra,Dudin
424,Zed,Slevin
425,Dov,Somes
426,Granville,Blesli
427,Creigh,Heustace
428,Prisca,Baccus
429,Louisa,Cerman
430,Hesther,Sictornes
431,Thomas,Binion
432,Raviv,Advani
433,Janina,McRoberts
434,Desiri,Mountjoy
435,Cletis,Weal
436,Loralee,Petren
437,Pavlov,Huster
438,Clarette,Hanna
439,Dene,Treasaden
440,Chris,Frowen
441,Obie,Gress
442,Wyn,Mantrip
443,Dulci,Camin
444,Pansie,Crosskell
445,Janka,Crossland
446,Marsiella,Okie
447,Tonya,Thorp
448,Norman,Gusticke
449,Ingra,Piatek
450,Dora,Catlin
451,Fredrick,Hayne
452,Alvy,McGuinness
453,Gratia,O'Grada
454,Aili,Mil
455,Shawn,Eagan
456,Willis,Outridge
457,Rowney,Moncey
458,Almira,Haycraft
459,Nanette,Whitwam
460,Patrizius,Frostick
461,Darb,Demageard
462,Linn,Fardell
463,Adi,Bandiera
464,Tiffy,Coldbreath
465,Jackelyn,Strafford
466,Duke,Vittle
467,Jephthah,MacNeillie
468,Caprice,Muddicliffe
469,Erina,Armin
470,Benn,Goodbarr
471,Rosmunda,Evens
472,Innis,Shales
473,Tori,Donkersley
474,Gaile,Petyankin
475,Illa,Ilyukhov
476,Lyndel,Cantos
477,Alejoa,Kilday
478,Seamus,Francisco
479,Ediva,Bramich
480,Tawnya,Linton
481,Anne,Stiegers
482,Brew,Culcheth
483,Jerrold,Kiddey
484,Marlin,Siss
485,Cad,Edwins
486,Rina,Meachan
487,Gennifer,Shekle
488,Nessa,Klejna
489,Ophelia,Catlin
490,Alida,Jefferies
491,Orsa,Burgise
492,Dacy,Kennler
493,Joellen,Ovendon
494,Robinia,Alejandre
495,Larine,Alekseev
496,Nita,Golling
497,Teddy,Bortoloni
498,Adolf,Braitling
499,Farrell,Safhill
500,Stephenie,Gandrich
501,Natasha,Dmtrovic
502,Cloris,Boles
503,Efrem,Pauwel
504,Davita,Godman
505,Wini,Kenwright
506,Janot,Slaymaker
507,Vanda,Netherwood
508,Stephana,Ismead
509,Annnora,McCreery
510,Rica,Von Welden
511,Grata,Ferandez
512,Alta,Dalziel
513,Dieter,Chatenet
514,Staffard,Iohananof
515,Giorgi,O'Regan
516,Goldia,Fothergill
517,Fifine,Tasseler
518,Ludvig,Robinett
519,Ken,Giottoi
520,Daron,Stevani
521,Marylou,MacCallester
522,Alissa,Macci
523,Margit,Flintoff
524,Phaedra,Meekin
525,Brianne,Cuniam
526,Gaby,Brookz
527,Sofia,O'Hone
528,Chiquita,Doxey
529,Wilden,Rodolphe
530,Kip,Simondson
531,Gale,Coveley
532,Ignacio,Condell
533,Chlo,Basset
534,Ange,Readwood
535,Steffen,Clifft
536,Boothe,Tall
537,Dame,Fermer
538,Mackenzie,Switzer
539,Eugine,Forestel
540,Latia,Lis
541,Leif,Candwell
542,Egan,McElree
543,Norean,Icke
544,Calvin,Swannie
545,Korrie,Craig
546,Cyndia,McArthur
547,Maure,Heddy
548,Aubrey,Anshell
549,Celene,Whitehair
550,Norbert,Wyllt
551,Dennet,Chaimson
552,Elianore,Grangier
553,Fabe,Sergeaunt
554,Whitby,Clementucci
555,Celestyn,Flanders
556,Alecia,Gibbie
557,Lauretta,Wareing
558,Lorianna,Castane
559,Remy,Everingham
560,Sallie,Herries
561,Portia,Japp
562,Babb,Caldicot
563,My,Maytom
564,Francklin,Darkott
565,Anselm,Iffe
566,Lizbeth,Aleksankin
567,Minette,Goodwyn
568,Hazlett,Tarte
569,Elysha,Andrichak
570,Chrotoem,Hutchason
571,Cory,Pietri
572,Melvyn,Jendrich
573,Julieta,Degue
574,Romola,Belison
575,Betteanne,Freyn
576,Austine,Larciere
577,Phylis,Duligal
578,Christa,Rosenbloom
579,Jamesy,Scrowston
580,Emalee,Escalante
581,Merwyn,Gilley
582,Anthea,Ebbrell
583,Roarke,Cudiff
584,Morley,Spatoni
585,Early,Gingedale
586,Sandie,MacConchie
587,Livvy,Byk
588,Hewe,Noyce
589,Jandy,Balog
590,Hartwell,Yurmanovev
591,Janine,Bradneck
592,Lonnie,McEvon
593,Wolfgang,Divine
594,Jabez,Woehler
595,Yvor,Boxill
596,Delilah,Garlinge
597,Sadie,Margrett
598,Caleb,Marden
599,Beryl,Lewcock
600,Sosanna,Panketh
601,Harriott,Krale
602,Josi,Bradnum
603,Monty,Lightning
604,Anne-marie,Bygott
605,Pearl,Di Carlo
606,Eleonora,Mollene
607,Seka,Antonietti
608,Winnah,Helix
609,Alexis,Carah
610,Matthus,Filliskirk
611,Yvonne,Chell
612,Georgina,Burnall
613,Loralee,Collins
614,Albert,Caulton
615,Craggie,Birwhistle
616,Leanna,Vasiljevic
617,Alejandra,Conelly
618,Libby,Fehners
619,Teddi,Booler
620,Guthrie,Straine
621,Tanya,Wabersich
622,Anderson,Ibbetson
623,Ikey,Chatelet
624,Eduino,Russi
625,Terza,Stannus
626,Mollee,Tavinor
627,Thaddeus,Hammond
628,Editha,Affron
629,Loleta,Poynter
630,Ivie,Dalmon
631,Reggis,Bogie
632,Eldon,Corbridge
633,Solomon,Winsiowiecki
634,Pepi,Carolan
635,Shell,Readwing
636,Godwin,Paulot
637,Gaspar,Rumsby
638,Thelma,Leechman
639,Hedwig,Christoffels
640,Emmalee,Elphee
641,Fayette,Sleite
642,Trista,Real
643,Fara,Melsome
644,Claretta,Plaskitt
645,Joye,Frary
646,Rozele,Petricek
647,Alair,Curwen
648,Frederique,Tuther
649,Wilt,Aikman
650,Evaleen,Dany
651,Scotty,Brashaw
652,Ricoriki,Di Roberto
653,Molli,Kingsworth
654,Bill,Nudds
655,Tiphany,Sima
656,Isidoro,Cremins
657,Tomaso,Hasley
658,Niccolo,Balam
659,Lem,Manderson
660,Wini,Minerdo
661,Mariejeanne,Scripps
662,Ferdie,Skells
663,Jazmin,Morican
664,Vernon,Buffey
665,Gwendolyn,Bance
666,Cristine,Kusick
667,Letty,Discombe
668,Gael,Airton
669,Selestina,Cars
670,Sollie,Curtiss
671,Haroun,Bickerton
672,Lanni,Kunc
673,Merissa,Hugk
674,Bartolomeo,Dubs
675,Channa,Vanyushkin
676,Brendon,Willoughey
677,Karee,Gantley
678,Carmencita,Corden
679,Chrissy,Domone
680,Jordana,Forre
681,Jonah,Brothwood
682,Sheff,Jersh
683,Nata,Revening
684,Samuele,Galer
685,Jefferson,Holgan
686,Jeanie,Belfield
687,Pinchas,Cattemull
688,Erasmus,Basini-Gazzi
689,Damian,Cornill
690,Donnie,Yabsley
691,Madlen,Gauford
692,Kasey,Dannehl
693,Mick,Maureen
694,Daisie,Mauro
695,Rosanne,Leighton
696,Tarra,Rubie
697,Johnathon,Sharer
698,Cob,Dregan
699,Frank,Strelitz
700,Eugene,Wasling
701,Hillier,Josipovitz
702,Forbes,Alexsandrov
703,Suzy,Worledge
704,Keene,Giordano
705,Belva,Collett
706,Karlen,Curton
707,Orran,Fredi
708,Jillie,Yurlov
709,Hugo,Cardiff
710,Mose,Klejin
711,Eveleen,Backshill
712,Chickie,Armsden
713,Mordy,Crush
714,Celisse,Clulee
715,Braden,Ruddin
716,Ab,Roswarne
717,Godart,Riolfo
718,Bancroft,Joul
719,Siobhan,De Filippis
720,Mercedes,Vasyutin
721,Beitris,Virgoe
722,Ernie,McEnteggart
723,Terence,Batt
724,Roi,Eales
725,Doralynne,Waycott
726,Nicoli,Notton
727,Gaelan,Mulcahy
728,Perrine,Edwick
729,Hewitt,Ost
730,Audrie,Fosher
731,Towny,Twinning
732,Cynthia,Beamish
733,Nissie,Cisar
734,Dulcea,Kondratenko
735,Sterne,Leuty
736,Beth,Munden
737,Anatole,Iorillo
738,Madelene,Connechy
739,Carmelita,Songust
740,Vicki,Marchington
741,Alina,Isack
742,Brnaby,Lawey
743,Emelyne,Larking
744,Umeko,Lepope
745,Miran,McGeachie
746,Emmett,Signorelli
747,Cordey,O'Doogan
748,Shirl,Shermar
749,King,McCowan
750,Rooney,Decker
751,Tove,Ryrie
752,Jaclyn,Grimmert
753,Nikola,Courtese
754,Reilly,Pestricke
755,Bobbie,Briar
756,Meryl,Decruse
757,Reynold,Lentsch
758,Hurleigh,Bradane
759,Kristopher,Barnet
760,Edvard,Hasty
761,Weylin,Attwill
762,Barret,Dungay
763,Sheree,Coiley
764,Tiebold,Camilio
765,Maggee,Mixter
766,Sandy,Petrushkevich
767,Shela,Light
768,Andromache,Canwell
769,Ernst,Gibben
770,Nichols,Linn
771,Cindra,Booler
772,Patsy,Shearsby
773,Ichabod,O'Neil
774,Monro,Attawell
775,Rafi,Mapes
776,Bonnibelle,Lydford
777,Horton,Nolin
778,Thedric,Conaboy
779,Coral,Duddan
780,Vin,Goldie
781,Aldric,Graeser
782,Mellie,Peeke
783,Addi,Ackenson
784,Leif,Grover
785,Manya,Martinovic
786,Carma,Curwen
787,Amil,Loy
788,Olive,Caldera
789,Edita,Cains
790,Benedetta,Waterstone
791,Glenden,Morot
792,Faustine,Taill
793,Penelopa,Meffen
794,Cheston,Shackleton
795,Russ,Mars
796,Gerri,Pentecust
797,Lawry,O'Cannon
798,Delainey,Preskett
799,Hedvige,McKenzie
800,Delmer,Jansens
801,Hubey,Laister
802,Vivyan,Risbrough
803,Obie,Esson
804,Early,Banghe
805,Correy,Oseman
806,Lezley,Gerram
807,Konstantine,O' Driscoll
808,Douglass,Heazel
809,Robbie,Stork
810,Kelcy,Braznell
811,Valeda,Pilbury
812,Dionne,Petrina
813,Kort,Trevaskiss
814,Ingrim,Welburn
815,Mariska,Ondrus
816,Mikkel,Lippitt
817,Debera,Edgeller
818,Skippie,Crowdson
819,Neely,Newport
820,Reggis,Huggens
821,Ramsey,Ruppert
822,Linzy,Biggin
823,Abigail,Penright
824,Winnifred,Hallewell
825,Giorgi,Organ
826,Cory,Giacoppo
827,Fin,Vowden
828,Zeke,Cruz
829,Cyndia,Novotni
830,Toddy,Uttermare
831,Bernete,Trevethan
832,Lisette,Howgego
833,Lynde,Jewitt
834,Jordain,Puckring
835,Diane,Wathen
836,Dani,Hurdidge
837,Boyce,Meron
838,Florry,Lusher
839,Sunshine,Canadine
840,Babbie,Robroe
841,Delia,Millwall
842,Morgun,Arnolds
843,Hattie,Timperley
844,Carlos,Linke
845,Lilah,Cockling
846,Gabi,Spackman
847,Galen,Sendley
848,Gran,Commucci
849,Yorgo,Scading
850,Lon,Godsal
851,Charmane,Lewson
852,Kalinda,Bradnocke
853,Hugues,Tomlett
854,Aubry,Sanham
855,Nikos,Pickworth
856,Sidney,Svanetti
857,Adrianna,Massen
858,Worthy,Maas
859,Davidson,Hopewell
860,Roland,Upston
861,Armand,Mylan
862,Luise,Barhem
863,Weylin,Cloy
864,Mark,Floodgate
865,Karel,Baumann
866,Hillery,Lattimer
867,Nelia,Kildea
868,Skippy,Pruvost
869,Edee,Gormally
870,Alisun,Sandifer
871,Sid,Pesselt
872,Arte,Belle
873,Jarad,Pedican
874,Pate,Gummory
875,Ingamar,Tolworthie
876,Manuel,Braferton
877,Miquela,Matiashvili
878,Mariel,Cosser
879,Hillie,Wike
880,Feodor,Johantges
881,Marlyn,Hullin
882,Angus,Orhtmann
883,Maggy,Crenshaw
884,Ferris,Posselt
885,Urson,Bagot
886,Ermanno,Petry
887,Jacquelyn,Capaldi
888,Findley,Emmot
889,Allyson,Liversage
890,Kelly,Maytum
891,Aeriel,Huckle
892,Hastings,Boole
893,Richie,Vasyunkin
894,Maybelle,Dunkerly
895,Rafaelita,Woolcocks
896,Flynn,Taw
897,Drusilla,Gabrieli
898,Laura,Gover
899,Bari,Coldman
900,Darn,Ivanikov
901,Jaquenetta,Kirkby
902,Ralina,Pawelek
903,Tiffy,Culshew
904,Erna,Plain
905,Maybelle,Trusslove
906,Selie,Harken
907,Kara,Corneljes
908,Carr,Dumbell
909,Petrina,Yorkston
910,Jere,Craven
911,Mark,Quiddinton
912,Lorrin,Eusden
913,Jody,Lavrinov
914,Berty,Manson
915,Suzette,Everall
916,Towny,Wiltshaw
917,Luci,Hritzko
918,Clarice,Backshall
919,Silas,Jeandet
920,Cobby,Peachment
921,Tommie,Ucceli
922,Dix,Trickey
923,Silvain,Jouanot
924,Kynthia,Klimshuk
925,Zita,Jerdein
926,Camila,Cookman
927,Reinaldos,Pottage
928,Bud,Bound
929,Ollie,Brownfield
930,Clemens,Finlan
931,Emmaline,Gannaway
932,Maxie,Ould
933,Hillary,Kesterton
934,Nial,Castillo
935,Phelia,Yerlett
936,Chic,Dagless
937,Renell,Hearnaman
938,Aimee,Kenwright
939,Josefa,Learman
940,Fayre,Chauvey
941,Hewet,Berkelay
942,Perl,Kennelly
943,Eydie,Bensley
944,Elke,Knyvett
945,Rhoda,Badrock
946,Ambrose,Viccars
947,Alicea,Gormally
948,Ceciley,Studholme
949,Vick,Reglar
950,Philip,Tomadoni
951,Steffen,Harnwell
952,Dorey,Bradder
953,Caril,Voelker
954,Keeley,Grave
955,Idaline,Wollaston
956,Jacky,Kroin
957,Sheffy,Carbin
958,Flossi,Buller
959,Way,Prendergrass
960,Ossie,Loadsman
961,Corbett,Ianizzi
962,Markos,Merioth
963,Donaugh,Chinery
964,Taber,Spanton
965,Gianina,Floweth
966,Lissie,Ginner
967,Herta,Mapletoft
968,Skell,Antham
969,Ranna,Aubray
970,Corey,MacMorland
971,Jamal,Mewes
972,Brook,Gotling
973,Juditha,Pendell
974,Myles,Penhall
975,James,McClelland
976,Adelaida,Worpole
977,Drona,Lain
978,Farlee,McMurdo
979,Mair,Mungane
980,Kylen,McTrustrie
981,Stesha,Le Marquis
982,Timmy,Weerdenburg
983,Lucretia,Lamberts
984,Guntar,Rockwill
985,Erina,Turney
986,Analiese,Byres
987,Rupert,Maffei
988,Janenna,Aberdalgy
989,Renato,Milliere
990,Faber,Idel
991,Sophie,Crates
992,Elfreda,Lardner
993,Mimi,Gethin
994,Carly,Otham
995,Nina,Duns
996,Tedra,Shimmings
997,Lily,Parley
998,Paulie,Charlet
999,Bram,Walisiak
1000,Windham,Fernant
